﻿{"version":1,"keyboard":{"keys":[{"id":0,"legend":"ESC\n\n\n~\n\n\n\n`","state":{"x":0,"y":0,"r":0,"rx":0,"ry":0,"w":1,"h":1,"x2":0,"y2":0,"w2":0,"h2":0,"c":"#f67f00","fa":[0,0,0,2,0,0,0,1]},"row":0,"col":0,"keycodes":[{"id":"KC_ESC","fields":[]},{"id":"KC_TRNS","fields":[]},{"id":"KC_GRV","fields":[]},{"id":"KC_TRNS","fields":[]},{"id":"KC_TRNS","fields":[]},{"id":"KC_NO","fields":[]},{"id":"KC_TRNS","fields":[]},{"id":"KC_TRNS","fields":[]},{"id":"KC_TRNS","fields":[]},{"id":"KC_TRNS","fields":[]},{"id":"KC_TRNS","fields":[]},{"id":"KC_TRNS","fields":[]},{"id":"KC_TRNS","fields":[]},{"id":"KC_TRNS","fields":[]},{"id":"KC_TRNS","fields":[]},{"id":"KC_TRNS","fields":[]}]},{"id":1,"legend":"Q\n\n\n1\n\n\n\n!","state":{"x":1,"y":0,"r":0,"rx":0,"ry":0,"w":1,"h":1,"x2":0,"y2":0,"w2":0,"h2":0,"c":"#d0ccc0","fa":[0,0,0,2,0,0,0,1]},"row":0,"col":1,"keycodes":[{"id":"KC_Q","fields":[]},{"id":"KC_TRNS","fields":[]},{"id":"KC_1","fields":[]},{"id":"KC_TRNS","fields":[]},{"id":"KC_TRNS","fields":[]},{"id":"KC_NO","fields":[]},{"id":"KC_TRNS","fields":[]},{"id":"KC_TRNS","fields":[]},{"id":"KC_TRNS","fields":[]},{"id":"KC_TRNS","fields":[]},{"id":"KC_TRNS","fields":[]},{"id":"KC_TRNS","fields":[]},{"id":"KC_TRNS","fields":[]},{"id":"KC_TRNS","fields":[]},{"id":"KC_TRNS","fields":[]},{"id":"KC_TRNS","fields":[]}]},{"id":2,"legend":"W\n<i class='kb kb-Multimedia-Up'></i>\n\n2\n\n\n\n@","state":{"x":2,"y":0,"r":0,"rx":0,"ry":0,"w":1,"h":1,"x2":0,"y2":0,"w2":0,"h2":0,"c":"#d0ccc0","fa":[0,0,0,2,0,0,0,1]},"row":0,"col":2,"keycodes":[{"id":"KC_W","fields":[]},{"id":"KC_TRNS","fields":[]},{"id":"KC_2","fields":[]},{"id":"KC_UP","fields":[]},{"id":"KC_TRNS","fields":[]},{"id":"KC_NO","fields":[]},{"id":"KC_TRNS","fields":[]},{"id":"KC_TRNS","fields":[]},{"id":"KC_TRNS","fields":[]},{"id":"KC_TRNS","fields":[]},{"id":"KC_TRNS","fields":[]},{"id":"KC_TRNS","fields":[]},{"id":"KC_TRNS","fields":[]},{"id":"KC_TRNS","fields":[]},{"id":"KC_TRNS","fields":[]},{"id":"KC_TRNS","fields":[]}]},{"id":3,"legend":"E\n\n\n3\n\n\n\n#","state":{"x":3,"y":0,"r":0,"rx":0,"ry":0,"w":1,"h":1,"x2":0,"y2":0,"w2":0,"h2":0,"c":"#d0ccc0","fa":[0,0,0,2,0,0,0,1]},"row":0,"col":3,"keycodes":[{"id":"KC_E","fields":[]},{"id":"KC_TRNS","fields":[]},{"id":"KC_3","fields":[]},{"id":"KC_TRNS","fields":[]},{"id":"KC_TRNS","fields":[]},{"id":"KC_NO","fields":[]},{"id":"KC_TRNS","fields":[]},{"id":"KC_TRNS","fields":[]},{"id":"KC_TRNS","fields":[]},{"id":"KC_TRNS","fields":[]},{"id":"KC_TRNS","fields":[]},{"id":"KC_TRNS","fields":[]},{"id":"KC_TRNS","fields":[]},{"id":"KC_TRNS","fields":[]},{"id":"KC_TRNS","fields":[]},{"id":"KC_TRNS","fields":[]}]},{"id":4,"legend":"R\n\n\n4\n\n\n\n$","state":{"x":4,"y":0,"r":0,"rx":0,"ry":0,"w":1,"h":1,"x2":0,"y2":0,"w2":0,"h2":0,"c":"#d0ccc0","fa":[0,0,0,2,0,0,0,1]},"row":0,"col":4,"keycodes":[{"id":"KC_R","fields":[]},{"id":"KC_TRNS","fields":[]},{"id":"KC_4","fields":[]},{"id":"KC_TRNS","fields":[]},{"id":"KC_TRNS","fields":[]},{"id":"KC_NO","fields":[]},{"id":"KC_TRNS","fields":[]},{"id":"KC_TRNS","fields":[]},{"id":"KC_TRNS","fields":[]},{"id":"KC_TRNS","fields":[]},{"id":"KC_TRNS","fields":[]},{"id":"KC_TRNS","fields":[]},{"id":"KC_TRNS","fields":[]},{"id":"KC_TRNS","fields":[]},{"id":"KC_TRNS","fields":[]},{"id":"KC_TRNS","fields":[]}]},{"id":5,"legend":"T\n\n\n5\n\n\n\n%","state":{"x":5,"y":0,"r":0,"rx":0,"ry":0,"w":1,"h":1,"x2":0,"y2":0,"w2":0,"h2":0,"c":"#d0ccc0","fa":[0,0,0,2,0,0,0,1]},"row":0,"col":5,"keycodes":[{"id":"KC_T","fields":[]},{"id":"KC_TRNS","fields":[]},{"id":"KC_5","fields":[]},{"id":"KC_TRNS","fields":[]},{"id":"KC_TRNS","fields":[]},{"id":"KC_NO","fields":[]},{"id":"KC_TRNS","fields":[]},{"id":"KC_TRNS","fields":[]},{"id":"KC_TRNS","fields":[]},{"id":"KC_TRNS","fields":[]},{"id":"KC_TRNS","fields":[]},{"id":"KC_TRNS","fields":[]},{"id":"KC_TRNS","fields":[]},{"id":"KC_TRNS","fields":[]},{"id":"KC_TRNS","fields":[]},{"id":"KC_TRNS","fields":[]}]},{"id":6,"legend":"Y\n\n\n6\n\n\n\n^","state":{"x":6,"y":0,"r":0,"rx":0,"ry":0,"w":1,"h":1,"x2":0,"y2":0,"w2":0,"h2":0,"c":"#d0ccc0","fa":[0,0,0,2,0,0,0,1]},"row":0,"col":6,"keycodes":[{"id":"KC_Y","fields":[]},{"id":"KC_TRNS","fields":[]},{"id":"KC_6","fields":[]},{"id":"KC_TRNS","fields":[]},{"id":"KC_TRNS","fields":[]},{"id":"KC_NO","fields":[]},{"id":"KC_TRNS","fields":[]},{"id":"KC_TRNS","fields":[]},{"id":"KC_TRNS","fields":[]},{"id":"KC_TRNS","fields":[]},{"id":"KC_TRNS","fields":[]},{"id":"KC_TRNS","fields":[]},{"id":"KC_TRNS","fields":[]},{"id":"KC_TRNS","fields":[]},{"id":"KC_TRNS","fields":[]},{"id":"KC_TRNS","fields":[]}]},{"id":7,"legend":"U\n\n\n7\n\n\n\n&","state":{"x":7,"y":0,"r":0,"rx":0,"ry":0,"w":1,"h":1,"x2":0,"y2":0,"w2":0,"h2":0,"c":"#d0ccc0","fa":[0,0,0,2,0,0,0,1]},"row":0,"col":7,"keycodes":[{"id":"KC_U","fields":[]},{"id":"KC_TRNS","fields":[]},{"id":"KC_7","fields":[]},{"id":"KC_TRNS","fields":[]},{"id":"KC_TRNS","fields":[]},{"id":"KC_NO","fields":[]},{"id":"KC_TRNS","fields":[]},{"id":"KC_TRNS","fields":[]},{"id":"KC_TRNS","fields":[]},{"id":"KC_TRNS","fields":[]},{"id":"KC_TRNS","fields":[]},{"id":"KC_TRNS","fields":[]},{"id":"KC_TRNS","fields":[]},{"id":"KC_TRNS","fields":[]},{"id":"KC_TRNS","fields":[]},{"id":"KC_TRNS","fields":[]}]},{"id":8,"legend":"I\n\n\n8\n\n\n\n*","state":{"x":8,"y":0,"r":0,"rx":0,"ry":0,"w":1,"h":1,"x2":0,"y2":0,"w2":0,"h2":0,"c":"#d0ccc0","fa":[0,0,0,2,0,0,0,1]},"row":0,"col":8,"keycodes":[{"id":"KC_I","fields":[]},{"id":"KC_TRNS","fields":[]},{"id":"KC_8","fields":[]},{"id":"KC_TRNS","fields":[]},{"id":"KC_TRNS","fields":[]},{"id":"KC_NO","fields":[]},{"id":"KC_TRNS","fields":[]},{"id":"KC_TRNS","fields":[]},{"id":"KC_TRNS","fields":[]},{"id":"KC_TRNS","fields":[]},{"id":"KC_TRNS","fields":[]},{"id":"KC_TRNS","fields":[]},{"id":"KC_TRNS","fields":[]},{"id":"KC_TRNS","fields":[]},{"id":"KC_TRNS","fields":[]},{"id":"KC_TRNS","fields":[]}]},{"id":9,"legend":"O\n\n\n9\n\n\n\n(","state":{"x":9,"y":0,"r":0,"rx":0,"ry":0,"w":1,"h":1,"x2":0,"y2":0,"w2":0,"h2":0,"c":"#d0ccc0","fa":[0,0,0,2,0,0,0,1]},"row":0,"col":9,"keycodes":[{"id":"KC_O","fields":[]},{"id":"KC_TRNS","fields":[]},{"id":"KC_9","fields":[]},{"id":"KC_TRNS","fields":[]},{"id":"KC_TRNS","fields":[]},{"id":"KC_NO","fields":[]},{"id":"KC_TRNS","fields":[]},{"id":"KC_TRNS","fields":[]},{"id":"KC_TRNS","fields":[]},{"id":"KC_TRNS","fields":[]},{"id":"KC_TRNS","fields":[]},{"id":"KC_TRNS","fields":[]},{"id":"KC_TRNS","fields":[]},{"id":"KC_TRNS","fields":[]},{"id":"KC_TRNS","fields":[]},{"id":"KC_TRNS","fields":[]}]},{"id":10,"legend":"P\n\n\n0\n\n\n\n)","state":{"x":10,"y":0,"r":0,"rx":0,"ry":0,"w":1,"h":1,"x2":0,"y2":0,"w2":0,"h2":0,"c":"#d0ccc0","fa":[0,0,0,2,0,0,0,1]},"row":0,"col":10,"keycodes":[{"id":"KC_P","fields":[]},{"id":"KC_TRNS","fields":[]},{"id":"KC_0","fields":[]},{"id":"KC_TRNS","fields":[]},{"id":"KC_TRNS","fields":[]},{"id":"KC_NO","fields":[]},{"id":"KC_TRNS","fields":[]},{"id":"KC_TRNS","fields":[]},{"id":"KC_TRNS","fields":[]},{"id":"KC_TRNS","fields":[]},{"id":"KC_TRNS","fields":[]},{"id":"KC_TRNS","fields":[]},{"id":"KC_TRNS","fields":[]},{"id":"KC_TRNS","fields":[]},{"id":"KC_TRNS","fields":[]},{"id":"KC_TRNS","fields":[]}]},{"id":11,"legend":"_\n\n\n=\n\n\n-\n+","state":{"x":11,"y":0,"r":0,"rx":0,"ry":0,"w":1,"h":1,"x2":0,"y2":0,"w2":0,"h2":0,"c":"#d0ccc0","fa":[0,0,0,2,0,0,1,1]},"row":0,"col":11,"keycodes":[{"id":"KC_MINS","fields":[]},{"id":"KC_TRNS","fields":[]},{"id":"KC_EQL","fields":[]},{"id":"KC_TRNS","fields":[]},{"id":"KC_TRNS","fields":[]},{"id":"KC_NO","fields":[]},{"id":"KC_TRNS","fields":[]},{"id":"KC_TRNS","fields":[]},{"id":"KC_TRNS","fields":[]},{"id":"KC_TRNS","fields":[]},{"id":"KC_TRNS","fields":[]},{"id":"KC_TRNS","fields":[]},{"id":"KC_TRNS","fields":[]},{"id":"KC_TRNS","fields":[]},{"id":"KC_TRNS","fields":[]},{"id":"KC_TRNS","fields":[]}]},{"id":12,"legend":"Bcksp\n\n\n\\\n\n\n\n|","state":{"x":12,"y":0,"r":0,"rx":0,"ry":0,"w":1,"h":1,"x2":0,"y2":0,"w2":0,"h2":0,"c":"#60605b","fa":[0,0,0,2,0,0,1,1]},"row":0,"col":12,"keycodes":[{"id":"KC_BSPC","fields":[]},{"id":"KC_TRNS","fields":[]},{"id":"KC_BSLS","fields":[]},{"id":"KC_TRNS","fields":[]},{"id":"KC_TRNS","fields":[]},{"id":"KC_NO","fields":[]},{"id":"KC_TRNS","fields":[]},{"id":"KC_TRNS","fields":[]},{"id":"KC_TRNS","fields":[]},{"id":"KC_TRNS","fields":[]},{"id":"KC_TRNS","fields":[]},{"id":"KC_TRNS","fields":[]},{"id":"KC_TRNS","fields":[]},{"id":"KC_TRNS","fields":[]},{"id":"KC_TRNS","fields":[]},{"id":"KC_TRNS","fields":[]}]},{"id":13,"legend":"7\nF10\nIns\n<i class='kb kb-Multimedia-Volume-Down-1'></i>","state":{"x":13.75,"y":0,"r":0,"rx":0,"ry":0,"w":1,"h":1,"x2":0,"y2":0,"w2":0,"h2":0,"c":"#d0ccc0","fa":[0,0,0,2,0,0,1,1],"f2":1},"row":0,"col":13,"keycodes":[{"id":"KC_P7","fields":[]},{"id":"KC_INS","fields":[]},{"id":"KC_VOLD","fields":[]},{"id":"KC_F1","fields":[]},{"id":"KC_TRNS","fields":[]},{"id":"KC_NO","fields":[]},{"id":"KC_TRNS","fields":[]},{"id":"KC_TRNS","fields":[]},{"id":"KC_TRNS","fields":[]},{"id":"KC_TRNS","fields":[]},{"id":"KC_TRNS","fields":[]},{"id":"KC_TRNS","fields":[]},{"id":"KC_TRNS","fields":[]},{"id":"KC_TRNS","fields":[]},{"id":"KC_TRNS","fields":[]},{"id":"KC_TRNS","fields":[]}]},{"id":14,"legend":"8\nF11\nHome\n<i class='kb kb-Multimedia-Volume-Up-2'></i>","state":{"x":14.75,"y":0,"r":0,"rx":0,"ry":0,"w":1,"h":1,"x2":0,"y2":0,"w2":0,"h2":0,"c":"#d0ccc0","fa":[0,0,0,2,0,0,1,1],"f2":1},"row":0,"col":14,"keycodes":[{"id":"KC_P8","fields":[]},{"id":"KC_HOME","fields":[]},{"id":"KC_MUTE","fields":[]},{"id":"KC_F2","fields":[]},{"id":"KC_TRNS","fields":[]},{"id":"KC_NO","fields":[]},{"id":"KC_TRNS","fields":[]},{"id":"KC_TRNS","fields":[]},{"id":"KC_TRNS","fields":[]},{"id":"KC_TRNS","fields":[]},{"id":"KC_TRNS","fields":[]},{"id":"KC_TRNS","fields":[]},{"id":"KC_TRNS","fields":[]},{"id":"KC_TRNS","fields":[]},{"id":"KC_TRNS","fields":[]},{"id":"KC_TRNS","fields":[]}]},{"id":15,"legend":"9\nF12\nPg Up\n<i class='kb kb-Multimedia-Stop'></i>","state":{"x":15.75,"y":0,"r":0,"rx":0,"ry":0,"w":1,"h":1,"x2":0,"y2":0,"w2":0,"h2":0,"c":"#d0ccc0","fa":[0,0,0,2,0,0,1,1],"f2":1},"row":0,"col":15,"keycodes":[{"id":"KC_P9","fields":[]},{"id":"KC_PGUP","fields":[]},{"id":"KC_VOLU","fields":[]},{"id":"KC_F3","fields":[]},{"id":"KC_TRNS","fields":[]},{"id":"KC_NO","fields":[]},{"id":"KC_TRNS","fields":[]},{"id":"KC_TRNS","fields":[]},{"id":"KC_TRNS","fields":[]},{"id":"KC_TRNS","fields":[]},{"id":"KC_TRNS","fields":[]},{"id":"KC_TRNS","fields":[]},{"id":"KC_TRNS","fields":[]},{"id":"KC_TRNS","fields":[]},{"id":"KC_TRNS","fields":[]},{"id":"KC_TRNS","fields":[]}]},{"id":16,"legend":"+\n\n\n-","state":{"x":16.75,"y":0,"r":0,"rx":0,"ry":0,"w":1,"h":1,"x2":0,"y2":0,"w2":0,"h2":0,"c":"#60605b","fa":[0,0,0,2,0,0,1,1],"f2":1},"row":0,"col":16,"keycodes":[{"id":"KC_PMNS","fields":[]},{"id":"KC_NO","fields":[]},{"id":"KC_PSLS","fields":[]},{"id":"KC_F4","fields":[]},{"id":"KC_TRNS","fields":[]},{"id":"KC_NO","fields":[]},{"id":"KC_TRNS","fields":[]},{"id":"KC_TRNS","fields":[]},{"id":"KC_TRNS","fields":[]},{"id":"KC_TRNS","fields":[]},{"id":"KC_TRNS","fields":[]},{"id":"KC_TRNS","fields":[]},{"id":"KC_TRNS","fields":[]},{"id":"KC_TRNS","fields":[]},{"id":"KC_TRNS","fields":[]},{"id":"KC_TRNS","fields":[]}]},{"id":17,"legend":"Tab\nCaps Lock","state":{"x":0,"y":1,"r":0,"rx":0,"ry":0,"w":1.25,"h":1,"x2":0,"y2":0,"w2":0,"h2":0,"c":"#60605b","fa":[0,0,0,2,0,0,1,1],"f2":1},"row":1,"col":0,"keycodes":[{"id":"KC_TAB","fields":[]},{"id":"KC_TRNS","fields":[]},{"id":"KC_TRNS","fields":[]},{"id":"KC_CAPS","fields":[]},{"id":"KC_TRNS","fields":[]},{"id":"KC_NO","fields":[]},{"id":"KC_TRNS","fields":[]},{"id":"KC_TRNS","fields":[]},{"id":"KC_TRNS","fields":[]},{"id":"KC_TRNS","fields":[]},{"id":"KC_TRNS","fields":[]},{"id":"KC_TRNS","fields":[]},{"id":"KC_TRNS","fields":[]},{"id":"KC_TRNS","fields":[]},{"id":"KC_TRNS","fields":[]},{"id":"KC_TRNS","fields":[]}]},{"id":18,"legend":"A\n<i class='kb kb-Multimedia-Back'></i>","state":{"x":1.25,"y":1,"r":0,"rx":0,"ry":0,"w":1,"h":1,"x2":0,"y2":0,"w2":0,"h2":0,"c":"#d0ccc0","fa":[0,0,0,2,0,0,1,1],"f2":1},"row":1,"col":1,"keycodes":[{"id":"KC_A","fields":[]},{"id":"KC_TRNS","fields":[]},{"id":"KC_TRNS","fields":[]},{"id":"KC_LEFT","fields":[]},{"id":"KC_TRNS","fields":[]},{"id":"KC_NO","fields":[]},{"id":"KC_TRNS","fields":[]},{"id":"KC_TRNS","fields":[]},{"id":"KC_TRNS","fields":[]},{"id":"KC_TRNS","fields":[]},{"id":"KC_TRNS","fields":[]},{"id":"KC_TRNS","fields":[]},{"id":"KC_TRNS","fields":[]},{"id":"KC_TRNS","fields":[]},{"id":"KC_TRNS","fields":[]},{"id":"KC_TRNS","fields":[]}]},{"id":19,"legend":"S\n<i class='kb kb-Multimedia-Down'></i>","state":{"x":2.25,"y":1,"r":0,"rx":0,"ry":0,"w":1,"h":1,"x2":0,"y2":0,"w2":0,"h2":0,"c":"#d0ccc0","fa":[0,0,0,2,0,0,1,1],"f2":1},"row":1,"col":2,"keycodes":[{"id":"KC_S","fields":[]},{"id":"KC_TRNS","fields":[]},{"id":"KC_TRNS","fields":[]},{"id":"KC_DOWN","fields":[]},{"id":"KC_TRNS","fields":[]},{"id":"KC_NO","fields":[]},{"id":"KC_TRNS","fields":[]},{"id":"KC_TRNS","fields":[]},{"id":"KC_TRNS","fields":[]},{"id":"KC_TRNS","fields":[]},{"id":"KC_TRNS","fields":[]},{"id":"KC_TRNS","fields":[]},{"id":"KC_TRNS","fields":[]},{"id":"KC_TRNS","fields":[]},{"id":"KC_TRNS","fields":[]},{"id":"KC_TRNS","fields":[]}]},{"id":20,"legend":"D\n<i class='kb kb-Multimedia-Play'></i>","state":{"x":3.25,"y":1,"r":0,"rx":0,"ry":0,"w":1,"h":1,"x2":0,"y2":0,"w2":0,"h2":0,"c":"#d0ccc0","fa":[0,0,0,2,0,0,1,1],"f2":1},"row":1,"col":3,"keycodes":[{"id":"KC_D","fields":[]},{"id":"KC_TRNS","fields":[]},{"id":"KC_TRNS","fields":[]},{"id":"KC_RGHT","fields":[]},{"id":"KC_TRNS","fields":[]},{"id":"KC_NO","fields":[]},{"id":"KC_TRNS","fields":[]},{"id":"KC_TRNS","fields":[]},{"id":"KC_TRNS","fields":[]},{"id":"KC_TRNS","fields":[]},{"id":"KC_TRNS","fields":[]},{"id":"KC_TRNS","fields":[]},{"id":"KC_TRNS","fields":[]},{"id":"KC_TRNS","fields":[]},{"id":"KC_TRNS","fields":[]},{"id":"KC_TRNS","fields":[]}]},{"id":21,"legend":"F","state":{"x":4.25,"y":1,"r":0,"rx":0,"ry":0,"w":1,"h":1,"x2":0,"y2":0,"w2":0,"h2":0,"c":"#d0ccc0","fa":[0,0,0,2,0,0,1,1],"f2":1},"row":1,"col":4,"keycodes":[{"id":"KC_F","fields":[]},{"id":"KC_TRNS","fields":[]},{"id":"KC_TRNS","fields":[]},{"id":"KC_TRNS","fields":[]},{"id":"KC_TRNS","fields":[]},{"id":"KC_NO","fields":[]},{"id":"KC_TRNS","fields":[]},{"id":"KC_TRNS","fields":[]},{"id":"KC_TRNS","fields":[]},{"id":"KC_TRNS","fields":[]},{"id":"KC_TRNS","fields":[]},{"id":"KC_TRNS","fields":[]},{"id":"KC_TRNS","fields":[]},{"id":"KC_TRNS","fields":[]},{"id":"KC_TRNS","fields":[]},{"id":"KC_TRNS","fields":[]}]},{"id":22,"legend":"G","state":{"x":5.25,"y":1,"r":0,"rx":0,"ry":0,"w":1,"h":1,"x2":0,"y2":0,"w2":0,"h2":0,"c":"#d0ccc0","fa":[0,0,0,2,0,0,1,1],"f2":1},"row":1,"col":5,"keycodes":[{"id":"KC_G","fields":[]},{"id":"KC_TRNS","fields":[]},{"id":"KC_TRNS","fields":[]},{"id":"KC_TRNS","fields":[]},{"id":"KC_TRNS","fields":[]},{"id":"KC_NO","fields":[]},{"id":"KC_TRNS","fields":[]},{"id":"KC_TRNS","fields":[]},{"id":"KC_TRNS","fields":[]},{"id":"KC_TRNS","fields":[]},{"id":"KC_TRNS","fields":[]},{"id":"KC_TRNS","fields":[]},{"id":"KC_TRNS","fields":[]},{"id":"KC_TRNS","fields":[]},{"id":"KC_TRNS","fields":[]},{"id":"KC_TRNS","fields":[]}]},{"id":23,"legend":"H","state":{"x":6.25,"y":1,"r":0,"rx":0,"ry":0,"w":1,"h":1,"x2":0,"y2":0,"w2":0,"h2":0,"c":"#d0ccc0","fa":[0,0,0,2,0,0,1,1],"f2":1},"row":1,"col":6,"keycodes":[{"id":"KC_H","fields":[]},{"id":"KC_TRNS","fields":[]},{"id":"KC_TRNS","fields":[]},{"id":"KC_TRNS","fields":[]},{"id":"KC_TRNS","fields":[]},{"id":"KC_NO","fields":[]},{"id":"KC_TRNS","fields":[]},{"id":"KC_TRNS","fields":[]},{"id":"KC_TRNS","fields":[]},{"id":"KC_TRNS","fields":[]},{"id":"KC_TRNS","fields":[]},{"id":"KC_TRNS","fields":[]},{"id":"KC_TRNS","fields":[]},{"id":"KC_TRNS","fields":[]},{"id":"KC_TRNS","fields":[]},{"id":"KC_TRNS","fields":[]}]},{"id":24,"legend":"J","state":{"x":7.25,"y":1,"r":0,"rx":0,"ry":0,"w":1,"h":1,"x2":0,"y2":0,"w2":0,"h2":0,"c":"#d0ccc0","fa":[0,0,0,2,0,0,1,1],"f2":1},"row":1,"col":7,"keycodes":[{"id":"KC_J","fields":[]},{"id":"KC_TRNS","fields":[]},{"id":"KC_TRNS","fields":[]},{"id":"KC_TRNS","fields":[]},{"id":"KC_TRNS","fields":[]},{"id":"KC_NO","fields":[]},{"id":"KC_TRNS","fields":[]},{"id":"KC_TRNS","fields":[]},{"id":"KC_TRNS","fields":[]},{"id":"KC_TRNS","fields":[]},{"id":"KC_TRNS","fields":[]},{"id":"KC_TRNS","fields":[]},{"id":"KC_TRNS","fields":[]},{"id":"KC_TRNS","fields":[]},{"id":"KC_TRNS","fields":[]},{"id":"KC_TRNS","fields":[]}]},{"id":25,"legend":"K\n\n\n[\n\n\n\n{","state":{"x":8.25,"y":1,"r":0,"rx":0,"ry":0,"w":1,"h":1,"x2":0,"y2":0,"w2":0,"h2":0,"c":"#d0ccc0","fa":[0,0,0,2,0,0,1,1],"f2":1},"row":1,"col":8,"keycodes":[{"id":"KC_K","fields":[]},{"id":"KC_TRNS","fields":[]},{"id":"KC_TRNS","fields":[]},{"id":"KC_TRNS","fields":[]},{"id":"KC_TRNS","fields":[]},{"id":"KC_NO","fields":[]},{"id":"KC_TRNS","fields":[]},{"id":"KC_TRNS","fields":[]},{"id":"KC_TRNS","fields":[]},{"id":"KC_TRNS","fields":[]},{"id":"KC_TRNS","fields":[]},{"id":"KC_TRNS","fields":[]},{"id":"KC_TRNS","fields":[]},{"id":"KC_TRNS","fields":[]},{"id":"KC_TRNS","fields":[]},{"id":"KC_TRNS","fields":[]}]},{"id":26,"legend":"L\n\n\n]\n\n\n\n}","state":{"x":9.25,"y":1,"r":0,"rx":0,"ry":0,"w":1,"h":1,"x2":0,"y2":0,"w2":0,"h2":0,"c":"#d0ccc0","fa":[0,0,0,2,0,0,1,1],"f2":1},"row":1,"col":9,"keycodes":[{"id":"KC_L","fields":[]},{"id":"KC_TRNS","fields":[]},{"id":"KC_LBRC","fields":[]},{"id":"KC_TRNS","fields":[]},{"id":"KC_TRNS","fields":[]},{"id":"KC_NO","fields":[]},{"id":"KC_TRNS","fields":[]},{"id":"KC_TRNS","fields":[]},{"id":"KC_TRNS","fields":[]},{"id":"KC_TRNS","fields":[]},{"id":"KC_TRNS","fields":[]},{"id":"KC_TRNS","fields":[]},{"id":"KC_TRNS","fields":[]},{"id":"KC_TRNS","fields":[]},{"id":"KC_TRNS","fields":[]},{"id":"KC_TRNS","fields":[]}]},{"id":27,"legend":"\"\n\n\n;\n\n\n'\n:","state":{"x":10.25,"y":1,"r":0,"rx":0,"ry":0,"w":1,"h":1,"x2":0,"y2":0,"w2":0,"h2":0,"c":"#d0ccc0","fa":[0,0,0,2,0,0,1,1],"f2":1},"row":1,"col":10,"keycodes":[{"id":"KC_SCLN","fields":[]},{"id":"KC_TRNS","fields":[]},{"id":"KC_RBRC","fields":[]},{"id":"KC_TRNS","fields":[]},{"id":"KC_TRNS","fields":[]},{"id":"KC_NO","fields":[]},{"id":"KC_TRNS","fields":[]},{"id":"KC_TRNS","fields":[]},{"id":"KC_TRNS","fields":[]},{"id":"KC_TRNS","fields":[]},{"id":"KC_TRNS","fields":[]},{"id":"KC_TRNS","fields":[]},{"id":"KC_TRNS","fields":[]},{"id":"KC_TRNS","fields":[]},{"id":"KC_TRNS","fields":[]},{"id":"KC_TRNS","fields":[]}]},{"id":28,"legend":"Enter","state":{"x":11.25,"y":1,"r":0,"rx":0,"ry":0,"w":1.75,"h":1,"x2":0,"y2":0,"w2":0,"h2":0,"c":"#c13828","fa":[0,0,0,2,0,0,1,1],"f2":1},"row":1,"col":12,"keycodes":[{"id":"KC_ENT","fields":[]},{"id":"KC_TRNS","fields":[]},{"id":"KC_QUOT","fields":[]},{"id":"KC_TRNS","fields":[]},{"id":"KC_TRNS","fields":[]},{"id":"KC_NO","fields":[]},{"id":"KC_TRNS","fields":[]},{"id":"KC_TRNS","fields":[]},{"id":"KC_TRNS","fields":[]},{"id":"KC_TRNS","fields":[]},{"id":"KC_TRNS","fields":[]},{"id":"KC_TRNS","fields":[]},{"id":"KC_TRNS","fields":[]},{"id":"KC_TRNS","fields":[]},{"id":"KC_TRNS","fields":[]},{"id":"KC_TRNS","fields":[]}]},{"id":29,"legend":"4\nF7\nDel\n<i class='kb kb-Multimedia-Rewind-Start'></i>","state":{"x":13.75,"y":1,"r":0,"rx":0,"ry":0,"w":1,"h":1,"x2":0,"y2":0,"w2":0,"h2":0,"c":"#d0ccc0","fa":[0,0,0,2,0,0,1,1],"f2":1},"row":1,"col":13,"keycodes":[{"id":"KC_P4","fields":[]},{"id":"KC_DEL","fields":[]},{"id":"KC_MPRV","fields":[]},{"id":"KC_F5","fields":[]},{"id":"KC_TRNS","fields":[]},{"id":"KC_NO","fields":[]},{"id":"KC_TRNS","fields":[]},{"id":"KC_TRNS","fields":[]},{"id":"KC_TRNS","fields":[]},{"id":"KC_TRNS","fields":[]},{"id":"KC_TRNS","fields":[]},{"id":"KC_TRNS","fields":[]},{"id":"KC_TRNS","fields":[]},{"id":"KC_TRNS","fields":[]},{"id":"KC_TRNS","fields":[]},{"id":"KC_TRNS","fields":[]}]},{"id":30,"legend":"5\nF8\nEnd\n<i class='kb kb-Multimedia-Play-Pause'></i>","state":{"x":14.75,"y":1,"r":0,"rx":0,"ry":0,"w":1,"h":1,"x2":0,"y2":0,"w2":0,"h2":0,"c":"#d0ccc0","fa":[0,0,0,2,0,0,1,1],"f2":1},"row":1,"col":14,"keycodes":[{"id":"KC_P5","fields":[]},{"id":"KC_END","fields":[]},{"id":"KC_MPLY","fields":[]},{"id":"KC_F6","fields":[]},{"id":"KC_TRNS","fields":[]},{"id":"KC_NO","fields":[]},{"id":"KC_TRNS","fields":[]},{"id":"KC_TRNS","fields":[]},{"id":"KC_TRNS","fields":[]},{"id":"KC_TRNS","fields":[]},{"id":"KC_TRNS","fields":[]},{"id":"KC_TRNS","fields":[]},{"id":"KC_TRNS","fields":[]},{"id":"KC_TRNS","fields":[]},{"id":"KC_TRNS","fields":[]},{"id":"KC_TRNS","fields":[]}]},{"id":31,"legend":"6\nF9\nPg Dwn\n<i class='kb kb-Multimedia-FastForward-End'></i>","state":{"x":15.75,"y":1,"r":0,"rx":0,"ry":0,"w":1,"h":1,"x2":0,"y2":0,"w2":0,"h2":0,"c":"#d0ccc0","fa":[0,0,0,2,0,0,1,1],"f2":1},"row":1,"col":15,"keycodes":[{"id":"KC_P6","fields":[]},{"id":"KC_PGDN","fields":[]},{"id":"KC_MNXT","fields":[]},{"id":"KC_F7","fields":[]},{"id":"KC_TRNS","fields":[]},{"id":"KC_NO","fields":[]},{"id":"KC_TRNS","fields":[]},{"id":"KC_TRNS","fields":[]},{"id":"KC_TRNS","fields":[]},{"id":"KC_TRNS","fields":[]},{"id":"KC_TRNS","fields":[]},{"id":"KC_TRNS","fields":[]},{"id":"KC_TRNS","fields":[]},{"id":"KC_TRNS","fields":[]},{"id":"KC_TRNS","fields":[]},{"id":"KC_TRNS","fields":[]}]},{"id":32,"legend":"*\n\n\n/","state":{"x":16.75,"y":1,"r":0,"rx":0,"ry":0,"w":1,"h":1,"x2":0,"y2":0,"w2":0,"h2":0,"c":"#60605b","fa":[0,0,0,2,0,0,1,1],"f2":1},"row":1,"col":16,"keycodes":[{"id":"KC_PPLS","fields":[]},{"id":"KC_NO","fields":[]},{"id":"KC_PAST","fields":[]},{"id":"KC_F8","fields":[]},{"id":"KC_TRNS","fields":[]},{"id":"KC_NO","fields":[]},{"id":"KC_TRNS","fields":[]},{"id":"KC_TRNS","fields":[]},{"id":"KC_TRNS","fields":[]},{"id":"KC_TRNS","fields":[]},{"id":"KC_TRNS","fields":[]},{"id":"KC_TRNS","fields":[]},{"id":"KC_TRNS","fields":[]},{"id":"KC_TRNS","fields":[]},{"id":"KC_TRNS","fields":[]},{"id":"KC_TRNS","fields":[]}]},{"id":33,"legend":"Shift","state":{"x":0,"y":2,"r":0,"rx":0,"ry":0,"w":1.75,"h":1,"x2":0,"y2":0,"w2":0,"h2":0,"c":"#60605b","fa":[0,0,0,2,0,0,1,1],"f2":1},"row":2,"col":0,"keycodes":[{"id":"KC_LSFT","fields":[]},{"id":"KC_TRNS","fields":[]},{"id":"KC_TRNS","fields":[]},{"id":"KC_TRNS","fields":[]},{"id":"KC_TRNS","fields":[]},{"id":"KC_NO","fields":[]},{"id":"KC_TRNS","fields":[]},{"id":"KC_TRNS","fields":[]},{"id":"KC_TRNS","fields":[]},{"id":"KC_TRNS","fields":[]},{"id":"KC_TRNS","fields":[]},{"id":"KC_TRNS","fields":[]},{"id":"KC_TRNS","fields":[]},{"id":"KC_TRNS","fields":[]},{"id":"KC_TRNS","fields":[]},{"id":"KC_TRNS","fields":[]}]},{"id":34,"legend":"Z","state":{"x":1.75,"y":2,"r":0,"rx":0,"ry":0,"w":1,"h":1,"x2":0,"y2":0,"w2":0,"h2":0,"c":"#d0ccc0","fa":[0,0,0,2,0,0,1,1],"f2":1},"row":2,"col":2,"keycodes":[{"id":"KC_Z","fields":[]},{"id":"KC_TRNS","fields":[]},{"id":"KC_TRNS","fields":[]},{"id":"KC_TRNS","fields":[]},{"id":"KC_TRNS","fields":[]},{"id":"KC_NO","fields":[]},{"id":"KC_TRNS","fields":[]},{"id":"KC_TRNS","fields":[]},{"id":"KC_TRNS","fields":[]},{"id":"KC_TRNS","fields":[]},{"id":"KC_TRNS","fields":[]},{"id":"KC_TRNS","fields":[]},{"id":"KC_TRNS","fields":[]},{"id":"KC_TRNS","fields":[]},{"id":"KC_TRNS","fields":[]},{"id":"KC_TRNS","fields":[]}]},{"id":35,"legend":"X","state":{"x":2.75,"y":2,"r":0,"rx":0,"ry":0,"w":1,"h":1,"x2":0,"y2":0,"w2":0,"h2":0,"c":"#d0ccc0","fa":[0,0,0,2,0,0,1,1],"f2":1},"row":2,"col":3,"keycodes":[{"id":"KC_X","fields":[]},{"id":"KC_TRNS","fields":[]},{"id":"KC_TRNS","fields":[]},{"id":"KC_TRNS","fields":[]},{"id":"KC_TRNS","fields":[]},{"id":"KC_NO","fields":[]},{"id":"KC_TRNS","fields":[]},{"id":"KC_TRNS","fields":[]},{"id":"KC_TRNS","fields":[]},{"id":"KC_TRNS","fields":[]},{"id":"KC_TRNS","fields":[]},{"id":"KC_TRNS","fields":[]},{"id":"KC_TRNS","fields":[]},{"id":"KC_TRNS","fields":[]},{"id":"KC_TRNS","fields":[]},{"id":"KC_TRNS","fields":[]}]},{"id":36,"legend":"C","state":{"x":3.75,"y":2,"r":0,"rx":0,"ry":0,"w":1,"h":1,"x2":0,"y2":0,"w2":0,"h2":0,"c":"#d0ccc0","fa":[0,0,0,2,0,0,1,1],"f2":1},"row":2,"col":4,"keycodes":[{"id":"KC_C","fields":[]},{"id":"KC_TRNS","fields":[]},{"id":"KC_TRNS","fields":[]},{"id":"KC_TRNS","fields":[]},{"id":"KC_TRNS","fields":[]},{"id":"KC_NO","fields":[]},{"id":"KC_TRNS","fields":[]},{"id":"KC_TRNS","fields":[]},{"id":"KC_TRNS","fields":[]},{"id":"KC_TRNS","fields":[]},{"id":"KC_TRNS","fields":[]},{"id":"KC_TRNS","fields":[]},{"id":"KC_TRNS","fields":[]},{"id":"KC_TRNS","fields":[]},{"id":"KC_TRNS","fields":[]},{"id":"KC_TRNS","fields":[]}]},{"id":37,"legend":"V","state":{"x":4.75,"y":2,"r":0,"rx":0,"ry":0,"w":1,"h":1,"x2":0,"y2":0,"w2":0,"h2":0,"c":"#d0ccc0","fa":[0,0,0,2,0,0,1,1],"f2":1},"row":2,"col":5,"keycodes":[{"id":"KC_V","fields":[]},{"id":"KC_TRNS","fields":[]},{"id":"KC_TRNS","fields":[]},{"id":"KC_TRNS","fields":[]},{"id":"KC_TRNS","fields":[]},{"id":"KC_NO","fields":[]},{"id":"KC_TRNS","fields":[]},{"id":"KC_TRNS","fields":[]},{"id":"KC_TRNS","fields":[]},{"id":"KC_TRNS","fields":[]},{"id":"KC_TRNS","fields":[]},{"id":"KC_TRNS","fields":[]},{"id":"KC_TRNS","fields":[]},{"id":"KC_TRNS","fields":[]},{"id":"KC_TRNS","fields":[]},{"id":"KC_TRNS","fields":[]}]},{"id":38,"legend":"B","state":{"x":5.75,"y":2,"r":0,"rx":0,"ry":0,"w":1,"h":1,"x2":0,"y2":0,"w2":0,"h2":0,"c":"#d0ccc0","fa":[0,0,0,2,0,0,1,1],"f2":1},"row":2,"col":6,"keycodes":[{"id":"KC_B","fields":[]},{"id":"KC_TRNS","fields":[]},{"id":"KC_TRNS","fields":[]},{"id":"KC_TRNS","fields":[]},{"id":"KC_TRNS","fields":[]},{"id":"KC_NO","fields":[]},{"id":"KC_TRNS","fields":[]},{"id":"KC_TRNS","fields":[]},{"id":"KC_TRNS","fields":[]},{"id":"KC_TRNS","fields":[]},{"id":"KC_TRNS","fields":[]},{"id":"KC_TRNS","fields":[]},{"id":"KC_TRNS","fields":[]},{"id":"KC_TRNS","fields":[]},{"id":"KC_TRNS","fields":[]},{"id":"KC_TRNS","fields":[]}]},{"id":39,"legend":"N","state":{"x":6.75,"y":2,"r":0,"rx":0,"ry":0,"w":1,"h":1,"x2":0,"y2":0,"w2":0,"h2":0,"c":"#d0ccc0","fa":[0,0,0,2,0,0,1,1],"f2":1},"row":2,"col":7,"keycodes":[{"id":"KC_N","fields":[]},{"id":"KC_TRNS","fields":[]},{"id":"KC_TRNS","fields":[]},{"id":"KC_TRNS","fields":[]},{"id":"KC_TRNS","fields":[]},{"id":"KC_NO","fields":[]},{"id":"KC_TRNS","fields":[]},{"id":"KC_TRNS","fields":[]},{"id":"KC_TRNS","fields":[]},{"id":"KC_TRNS","fields":[]},{"id":"KC_TRNS","fields":[]},{"id":"KC_TRNS","fields":[]},{"id":"KC_TRNS","fields":[]},{"id":"KC_TRNS","fields":[]},{"id":"KC_TRNS","fields":[]},{"id":"KC_TRNS","fields":[]}]},{"id":40,"legend":"M","state":{"x":7.75,"y":2,"r":0,"rx":0,"ry":0,"w":1,"h":1,"x2":0,"y2":0,"w2":0,"h2":0,"c":"#d0ccc0","fa":[0,0,0,2,0,0,1,1],"f2":1},"row":2,"col":8,"keycodes":[{"id":"KC_M","fields":[]},{"id":"KC_TRNS","fields":[]},{"id":"KC_TRNS","fields":[]},{"id":"KC_TRNS","fields":[]},{"id":"KC_TRNS","fields":[]},{"id":"KC_NO","fields":[]},{"id":"KC_TRNS","fields":[]},{"id":"KC_TRNS","fields":[]},{"id":"KC_TRNS","fields":[]},{"id":"KC_TRNS","fields":[]},{"id":"KC_TRNS","fields":[]},{"id":"KC_TRNS","fields":[]},{"id":"KC_TRNS","fields":[]},{"id":"KC_TRNS","fields":[]},{"id":"KC_TRNS","fields":[]},{"id":"KC_TRNS","fields":[]}]},{"id":41,"legend":"/\n\n\n<\n\n\n,","state":{"x":8.75,"y":2,"r":0,"rx":0,"ry":0,"w":1,"h":1,"x2":0,"y2":0,"w2":0,"h2":0,"c":"#d0ccc0","fa":[0,0,0,2,0,0,1,1],"f2":1},"row":2,"col":9,"keycodes":[{"id":"KC_COMM","fields":[]},{"id":"KC_TRNS","fields":[]},{"id":"KC_TRNS","fields":[]},{"id":"KC_TRNS","fields":[]},{"id":"KC_TRNS","fields":[]},{"id":"KC_NO","fields":[]},{"id":"KC_TRNS","fields":[]},{"id":"KC_TRNS","fields":[]},{"id":"KC_TRNS","fields":[]},{"id":"KC_TRNS","fields":[]},{"id":"KC_TRNS","fields":[]},{"id":"KC_TRNS","fields":[]},{"id":"KC_TRNS","fields":[]},{"id":"KC_TRNS","fields":[]},{"id":"KC_TRNS","fields":[]},{"id":"KC_TRNS","fields":[]}]},{"id":42,"legend":"?\n\n\n>\n\n\n.","state":{"x":9.75,"y":2,"r":0,"rx":0,"ry":0,"w":1,"h":1,"x2":0,"y2":0,"w2":0,"h2":0,"c":"#d0ccc0","fa":[0,0,0,2,0,0,1,1],"f2":1},"row":2,"col":10,"keycodes":[{"id":"KC_DOT","fields":[]},{"id":"KC_TRNS","fields":[]},{"id":"KC_TRNS","fields":[]},{"id":"KC_TRNS","fields":[]},{"id":"KC_TRNS","fields":[]},{"id":"KC_NO","fields":[]},{"id":"KC_TRNS","fields":[]},{"id":"KC_TRNS","fields":[]},{"id":"KC_TRNS","fields":[]},{"id":"KC_TRNS","fields":[]},{"id":"KC_TRNS","fields":[]},{"id":"KC_TRNS","fields":[]},{"id":"KC_TRNS","fields":[]},{"id":"KC_TRNS","fields":[]},{"id":"KC_TRNS","fields":[]},{"id":"KC_TRNS","fields":[]}]},{"id":43,"legend":"Shift","state":{"x":10.75,"y":2,"r":0,"rx":0,"ry":0,"w":2.25,"h":1,"x2":0,"y2":0,"w2":0,"h2":0,"c":"#60605b","fa":[0,0,0,2,0,0,1,1],"f2":1},"row":2,"col":11,"keycodes":[{"id":"KC_LSFT","fields":[]},{"id":"KC_TRNS","fields":[]},{"id":"KC_SLSH","fields":[]},{"id":"KC_TRNS","fields":[]},{"id":"KC_TRNS","fields":[]},{"id":"KC_NO","fields":[]},{"id":"KC_TRNS","fields":[]},{"id":"KC_TRNS","fields":[]},{"id":"KC_TRNS","fields":[]},{"id":"KC_TRNS","fields":[]},{"id":"KC_TRNS","fields":[]},{"id":"KC_TRNS","fields":[]},{"id":"KC_TRNS","fields":[]},{"id":"KC_TRNS","fields":[]},{"id":"KC_TRNS","fields":[]},{"id":"KC_TRNS","fields":[]}]},{"id":44,"legend":"1\nF4\n\nPtScrn","state":{"x":13.75,"y":2,"r":0,"rx":0,"ry":0,"w":1,"h":1,"x2":0,"y2":0,"w2":0,"h2":0,"c":"#d0ccc0","fa":[0,0,0,2,0,0,1,1],"f2":1},"row":2,"col":13,"keycodes":[{"id":"KC_P1","fields":[]},{"id":"KC_ESC","fields":[]},{"id":"KC_NO","fields":[]},{"id":"KC_F9","fields":[]},{"id":"KC_TRNS","fields":[]},{"id":"KC_NO","fields":[]},{"id":"KC_TRNS","fields":[]},{"id":"KC_TRNS","fields":[]},{"id":"KC_TRNS","fields":[]},{"id":"KC_TRNS","fields":[]},{"id":"KC_TRNS","fields":[]},{"id":"KC_TRNS","fields":[]},{"id":"KC_TRNS","fields":[]},{"id":"KC_TRNS","fields":[]},{"id":"KC_TRNS","fields":[]},{"id":"KC_TRNS","fields":[]}]},{"id":45,"legend":"2\nF5\n<i class='kb kb-Multimedia-Up'></i>","state":{"x":14.75,"y":2,"r":0,"rx":0,"ry":0,"w":1,"h":1,"x2":0,"y2":0,"w2":0,"h2":0,"c":"#96938e","fa":[0,0,0,2,0,0,1,1],"f2":1},"row":2,"col":14,"keycodes":[{"id":"KC_P2","fields":[]},{"id":"KC_UP","fields":[]},{"id":"KC_MSTP","fields":[]},{"id":"KC_F10","fields":[]},{"id":"KC_TRNS","fields":[]},{"id":"KC_NO","fields":[]},{"id":"KC_TRNS","fields":[]},{"id":"KC_TRNS","fields":[]},{"id":"KC_TRNS","fields":[]},{"id":"KC_TRNS","fields":[]},{"id":"KC_TRNS","fields":[]},{"id":"KC_TRNS","fields":[]},{"id":"KC_TRNS","fields":[]},{"id":"KC_TRNS","fields":[]},{"id":"KC_TRNS","fields":[]},{"id":"KC_TRNS","fields":[]}]},{"id":46,"legend":"3\nF6","state":{"x":15.75,"y":2,"r":0,"rx":0,"ry":0,"w":1,"h":1,"x2":0,"y2":0,"w2":0,"h2":0,"c":"#d0ccc0","fa":[0,0,0,2,0,0,1,1],"f2":1},"row":2,"col":15,"keycodes":[{"id":"KC_P3","fields":[]},{"id":"KC_SPC","fields":[]},{"id":"KC_NO","fields":[]},{"id":"KC_F11","fields":[]},{"id":"KC_TRNS","fields":[]},{"id":"KC_NO","fields":[]},{"id":"KC_TRNS","fields":[]},{"id":"KC_TRNS","fields":[]},{"id":"KC_TRNS","fields":[]},{"id":"KC_TRNS","fields":[]},{"id":"KC_TRNS","fields":[]},{"id":"KC_TRNS","fields":[]},{"id":"KC_TRNS","fields":[]},{"id":"KC_TRNS","fields":[]},{"id":"KC_TRNS","fields":[]},{"id":"KC_TRNS","fields":[]}]},{"id":47,"legend":"Enter","state":{"x":16.75,"y":2,"r":0,"rx":0,"ry":0,"w":1,"h":1,"x2":0,"y2":0,"w2":0,"h2":0,"c":"#60605b","fa":[0,0,0,2,0,0,1,1],"f2":1},"row":2,"col":16,"keycodes":[{"id":"KC_PENT","fields":[]},{"id":"KC_ENT","fields":[]},{"id":"KC_TAB","fields":[]},{"id":"KC_F12","fields":[]},{"id":"KC_TRNS","fields":[]},{"id":"KC_NO","fields":[]},{"id":"KC_TRNS","fields":[]},{"id":"KC_TRNS","fields":[]},{"id":"KC_TRNS","fields":[]},{"id":"KC_TRNS","fields":[]},{"id":"KC_TRNS","fields":[]},{"id":"KC_TRNS","fields":[]},{"id":"KC_TRNS","fields":[]},{"id":"KC_TRNS","fields":[]},{"id":"KC_TRNS","fields":[]},{"id":"KC_TRNS","fields":[]}]},{"id":48,"legend":"\nFN 2","state":{"x":0,"y":3,"r":0,"rx":0,"ry":0,"w":1,"h":1,"x2":0,"y2":0,"w2":0,"h2":0,"c":"#60605b","fa":[0,0,0,2,0,0,1,1],"f2":1},"row":3,"col":0,"keycodes":[{"id":"MO()","fields":[3]},{"id":"KC_TRNS","fields":[]},{"id":"KC_TRNS","fields":[]},{"id":"KC_TRNS","fields":[]},{"id":"KC_TRNS","fields":[]},{"id":"KC_TRNS","fields":[]},{"id":"KC_TRNS","fields":[]},{"id":"KC_TRNS","fields":[]},{"id":"KC_TRNS","fields":[]},{"id":"KC_TRNS","fields":[]},{"id":"KC_TRNS","fields":[]},{"id":"KC_TRNS","fields":[]},{"id":"KC_TRNS","fields":[]},{"id":"KC_TRNS","fields":[]},{"id":"KC_TRNS","fields":[]},{"id":"KC_TRNS","fields":[]}]},{"id":49,"legend":"Ctrl","state":{"x":1,"y":3,"r":0,"rx":0,"ry":0,"w":1,"h":1,"x2":0,"y2":0,"w2":0,"h2":0,"c":"#60605b","fa":[0,0,0,2,0,0,1,1],"f2":1},"row":3,"col":1,"keycodes":[{"id":"KC_LCTL","fields":[]},{"id":"KC_TRNS","fields":[]},{"id":"KC_TRNS","fields":[]},{"id":"KC_TRNS","fields":[]},{"id":"KC_TRNS","fields":[]},{"id":"KC_NO","fields":[]},{"id":"KC_TRNS","fields":[]},{"id":"KC_TRNS","fields":[]},{"id":"KC_TRNS","fields":[]},{"id":"KC_TRNS","fields":[]},{"id":"KC_TRNS","fields":[]},{"id":"KC_TRNS","fields":[]},{"id":"KC_TRNS","fields":[]},{"id":"KC_TRNS","fields":[]},{"id":"KC_TRNS","fields":[]},{"id":"KC_TRNS","fields":[]}]},{"id":50,"legend":"Alt","state":{"x":2,"y":3,"r":0,"rx":0,"ry":0,"w":1,"h":1,"x2":0,"y2":0,"w2":0,"h2":0,"c":"#60605b","fa":[0,0,0,2,0,0,1,1],"f2":1},"row":3,"col":2,"keycodes":[{"id":"KC_LALT","fields":[]},{"id":"KC_TRNS","fields":[]},{"id":"KC_TRNS","fields":[]},{"id":"KC_TRNS","fields":[]},{"id":"KC_TRNS","fields":[]},{"id":"KC_NO","fields":[]},{"id":"KC_TRNS","fields":[]},{"id":"KC_TRNS","fields":[]},{"id":"KC_TRNS","fields":[]},{"id":"KC_TRNS","fields":[]},{"id":"KC_TRNS","fields":[]},{"id":"KC_TRNS","fields":[]},{"id":"KC_TRNS","fields":[]},{"id":"KC_TRNS","fields":[]},{"id":"KC_TRNS","fields":[]},{"id":"KC_TRNS","fields":[]}]},{"id":51,"legend":"⌘","state":{"x":3,"y":3,"r":0,"rx":0,"ry":0,"w":1.25,"h":1,"x2":0,"y2":0,"w2":0,"h2":0,"c":"#60605b","fa":[0,0,0,2,0,0,1,1],"f2":1},"row":3,"col":3,"keycodes":[{"id":"KC_LGUI","fields":[]},{"id":"KC_TRNS","fields":[]},{"id":"KC_TRNS","fields":[]},{"id":"KC_TRNS","fields":[]},{"id":"KC_TRNS","fields":[]},{"id":"KC_NO","fields":[]},{"id":"KC_TRNS","fields":[]},{"id":"KC_TRNS","fields":[]},{"id":"KC_TRNS","fields":[]},{"id":"KC_TRNS","fields":[]},{"id":"KC_TRNS","fields":[]},{"id":"KC_TRNS","fields":[]},{"id":"KC_TRNS","fields":[]},{"id":"KC_TRNS","fields":[]},{"id":"KC_TRNS","fields":[]},{"id":"KC_TRNS","fields":[]}]},{"id":52,"legend":"\n\n\nFN 1","state":{"x":4.25,"y":3,"r":0,"rx":0,"ry":0,"w":2.25,"h":1,"x2":0,"y2":0,"w2":0,"h2":0,"c":"#96938e","fa":[0,0,0,2,0,0,1,1],"f2":1},"row":3,"col":5,"keycodes":[{"id":"MO()","fields":[2]},{"id":"KC_TRNS","fields":[]},{"id":"KC_TRNS","fields":[]},{"id":"KC_TRNS","fields":[]},{"id":"KC_SPC","fields":[]},{"id":"KC_NO","fields":[]},{"id":"KC_TRNS","fields":[]},{"id":"KC_TRNS","fields":[]},{"id":"KC_TRNS","fields":[]},{"id":"KC_TRNS","fields":[]},{"id":"KC_TRNS","fields":[]},{"id":"KC_TRNS","fields":[]},{"id":"KC_TRNS","fields":[]},{"id":"KC_TRNS","fields":[]},{"id":"KC_TRNS","fields":[]},{"id":"KC_TRNS","fields":[]}]},{"id":53,"legend":"SPAAAACE","state":{"x":6.5,"y":3,"r":0,"rx":0,"ry":0,"w":2.25,"h":1,"x2":0,"y2":0,"w2":0,"h2":0,"c":"#96938e","fa":[0,0,0,2,0,0,1,1],"f2":1},"row":3,"col":7,"keycodes":[{"id":"KC_SPC","fields":[]},{"id":"KC_TRNS","fields":[]},{"id":"KC_TRNS","fields":[]},{"id":"KC_TRNS","fields":[]},{"id":"MO()","fields":[2]},{"id":"KC_NO","fields":[]},{"id":"KC_TRNS","fields":[]},{"id":"KC_TRNS","fields":[]},{"id":"KC_TRNS","fields":[]},{"id":"KC_TRNS","fields":[]},{"id":"KC_TRNS","fields":[]},{"id":"KC_TRNS","fields":[]},{"id":"KC_TRNS","fields":[]},{"id":"KC_TRNS","fields":[]},{"id":"KC_TRNS","fields":[]},{"id":"KC_TRNS","fields":[]}]},{"id":54,"legend":"⌘","state":{"x":8.75,"y":3,"r":0,"rx":0,"ry":0,"w":1.25,"h":1,"x2":0,"y2":0,"w2":0,"h2":0,"c":"#60605b","fa":[0,0,0,2,0,0,1,1],"f2":1},"row":3,"col":9,"keycodes":[{"id":"KC_RGUI","fields":[]},{"id":"KC_TRNS","fields":[]},{"id":"KC_TRNS","fields":[]},{"id":"KC_TRNS","fields":[]},{"id":"KC_TRNS","fields":[]},{"id":"KC_NO","fields":[]},{"id":"KC_TRNS","fields":[]},{"id":"KC_TRNS","fields":[]},{"id":"KC_TRNS","fields":[]},{"id":"KC_TRNS","fields":[]},{"id":"KC_TRNS","fields":[]},{"id":"KC_TRNS","fields":[]},{"id":"KC_TRNS","fields":[]},{"id":"KC_TRNS","fields":[]},{"id":"KC_TRNS","fields":[]},{"id":"KC_TRNS","fields":[]}]},{"id":55,"legend":"Alt","state":{"x":10,"y":3,"r":0,"rx":0,"ry":0,"w":1,"h":1,"x2":0,"y2":0,"w2":0,"h2":0,"c":"#60605b","fa":[0,0,0,2,0,0,1,1],"f2":1},"row":3,"col":10,"keycodes":[{"id":"KC_RALT","fields":[]},{"id":"KC_TRNS","fields":[]},{"id":"KC_TRNS","fields":[]},{"id":"KC_TRNS","fields":[]},{"id":"KC_TRNS","fields":[]},{"id":"KC_NO","fields":[]},{"id":"KC_TRNS","fields":[]},{"id":"KC_TRNS","fields":[]},{"id":"KC_TRNS","fields":[]},{"id":"KC_TRNS","fields":[]},{"id":"KC_TRNS","fields":[]},{"id":"KC_TRNS","fields":[]},{"id":"KC_TRNS","fields":[]},{"id":"KC_TRNS","fields":[]},{"id":"KC_TRNS","fields":[]},{"id":"KC_TRNS","fields":[]}]},{"id":56,"legend":"Ctrl","state":{"x":11,"y":3,"r":0,"rx":0,"ry":0,"w":1,"h":1,"x2":0,"y2":0,"w2":0,"h2":0,"c":"#60605b","fa":[0,0,0,2,0,0,1,1],"f2":1},"row":3,"col":11,"keycodes":[{"id":"KC_RCTL","fields":[]},{"id":"KC_TRNS","fields":[]},{"id":"KC_TRNS","fields":[]},{"id":"KC_TRNS","fields":[]},{"id":"KC_TRNS","fields":[]},{"id":"KC_NO","fields":[]},{"id":"KC_TRNS","fields":[]},{"id":"KC_TRNS","fields":[]},{"id":"KC_TRNS","fields":[]},{"id":"KC_TRNS","fields":[]},{"id":"KC_TRNS","fields":[]},{"id":"KC_TRNS","fields":[]},{"id":"KC_TRNS","fields":[]},{"id":"KC_TRNS","fields":[]},{"id":"KC_TRNS","fields":[]},{"id":"KC_TRNS","fields":[]}]},{"id":57,"legend":"\n\n\nFN 1","state":{"x":12,"y":3,"r":0,"rx":0,"ry":0,"w":1,"h":1,"x2":0,"y2":0,"w2":0,"h2":0,"c":"#60605b","fa":[0,0,0,2,0,0,1,1],"f2":1},"row":3,"col":12,"keycodes":[{"id":"MO()","fields":[2]},{"id":"KC_TRNS","fields":[]},{"id":"KC_TRNS","fields":[]},{"id":"KC_TRNS","fields":[]},{"id":"KC_TRNS","fields":[]},{"id":"KC_TRNS","fields":[]},{"id":"KC_TRNS","fields":[]},{"id":"KC_TRNS","fields":[]},{"id":"KC_TRNS","fields":[]},{"id":"KC_TRNS","fields":[]},{"id":"KC_TRNS","fields":[]},{"id":"KC_TRNS","fields":[]},{"id":"KC_TRNS","fields":[]},{"id":"KC_TRNS","fields":[]},{"id":"KC_TRNS","fields":[]},{"id":"KC_TRNS","fields":[]}]},{"id":58,"legend":"0\nF1\n<i class='kb kb-Multimedia-Back'></i>","state":{"x":13.75,"y":3,"r":0,"rx":0,"ry":0,"w":1,"h":1,"x2":0,"y2":0,"w2":0,"h2":0,"c":"#96938e","fa":[0,0,0,2,0,0,1,1],"f2":1},"row":3,"col":13,"keycodes":[{"id":"KC_P0","fields":[]},{"id":"KC_LEFT","fields":[]},{"id":"KC_PWR","fields":[]},{"id":"KC_F13","fields":[]},{"id":"KC_TRNS","fields":[]},{"id":"KC_NO","fields":[]},{"id":"KC_TRNS","fields":[]},{"id":"KC_TRNS","fields":[]},{"id":"KC_TRNS","fields":[]},{"id":"KC_TRNS","fields":[]},{"id":"KC_TRNS","fields":[]},{"id":"KC_TRNS","fields":[]},{"id":"KC_TRNS","fields":[]},{"id":"KC_TRNS","fields":[]},{"id":"KC_TRNS","fields":[]},{"id":"KC_TRNS","fields":[]}]},{"id":59,"legend":".\nF2\n<i class='kb kb-Multimedia-Down'></i>","state":{"x":14.75,"y":3,"r":0,"rx":0,"ry":0,"w":1,"h":1,"x2":0,"y2":0,"w2":0,"h2":0,"c":"#96938e","fa":[0,0,0,2,0,0,1,1],"f2":1},"row":3,"col":14,"keycodes":[{"id":"KC_P0","fields":[]},{"id":"KC_DOWN","fields":[]},{"id":"TG()","fields":[4]},{"id":"KC_F14","fields":[]},{"id":"KC_TRNS","fields":[]},{"id":"KC_NO","fields":[]},{"id":"KC_TRNS","fields":[]},{"id":"KC_TRNS","fields":[]},{"id":"KC_TRNS","fields":[]},{"id":"KC_TRNS","fields":[]},{"id":"KC_TRNS","fields":[]},{"id":"KC_TRNS","fields":[]},{"id":"KC_TRNS","fields":[]},{"id":"KC_TRNS","fields":[]},{"id":"KC_TRNS","fields":[]},{"id":"KC_TRNS","fields":[]}]},{"id":60,"legend":"\nF3\n<i class='kb kb-Multimedia-Play'></i>","state":{"x":15.75,"y":3,"r":0,"rx":0,"ry":0,"w":1,"h":1,"x2":0,"y2":0,"w2":0,"h2":0,"c":"#96938e","fa":[0,0,0,2,0,0,1,1],"f2":1},"row":3,"col":15,"keycodes":[{"id":"KC_PDOT","fields":[]},{"id":"KC_RGHT","fields":[]},{"id":"KC_NLCK","fields":[]},{"id":"KC_F15","fields":[]},{"id":"KC_TRNS","fields":[]},{"id":"KC_NO","fields":[]},{"id":"KC_TRNS","fields":[]},{"id":"KC_TRNS","fields":[]},{"id":"KC_TRNS","fields":[]},{"id":"KC_TRNS","fields":[]},{"id":"KC_TRNS","fields":[]},{"id":"KC_TRNS","fields":[]},{"id":"KC_TRNS","fields":[]},{"id":"KC_TRNS","fields":[]},{"id":"KC_TRNS","fields":[]},{"id":"KC_TRNS","fields":[]}]},{"id":61,"legend":"\n\nArrow Lock","state":{"x":16.75,"y":3,"r":0,"rx":0,"ry":0,"w":1,"h":1,"x2":0,"y2":0,"w2":0,"h2":0,"c":"#60605b","fa":[0,0,0,2,0,0,1,1],"f2":1},"row":3,"col":16,"keycodes":[{"id":"TG()","fields":[1]},{"id":"KC_TRNS","fields":[]},{"id":"TG()","fields":[5]},{"id":"KC_F16","fields":[]},{"id":"KC_TRNS","fields":[]},{"id":"KC_TRNS","fields":[]},{"id":"KC_TRNS","fields":[]},{"id":"KC_TRNS","fields":[]},{"id":"KC_TRNS","fields":[]},{"id":"KC_TRNS","fields":[]},{"id":"KC_TRNS","fields":[]},{"id":"KC_TRNS","fields":[]},{"id":"KC_TRNS","fields":[]},{"id":"KC_TRNS","fields":[]},{"id":"KC_TRNS","fields":[]},{"id":"KC_TRNS","fields":[]}]}],"controller":1,"bounds":{"min":{"x":0,"y":0},"max":{"x":17.75,"y":4}},"rows":4,"cols":17,"pins":{"row":["B0","B1","B2","B3"],"col":["F0","F1","F4","F5","F6","F7","B6","B5","B4","D7","D6","D4","D5","D2","D1","D0","B7"],"num":null,"caps":"E6","scroll":null,"compose":null,"kana":null,"led":null,"rgb":null},"macros":{},"quantum":"void matrix_init_user(void) {\n}\n\nvoid matrix_scan_user(void) {\n}\n\nbool process_record_user(uint16_t keycode, keyrecord_t *record) {\n\treturn true;\n}","settings":{"diodeDirection":1,"name":"Board","bootloaderSize":2,"rgbNum":0,"backlightLevels":0}}}